report_date,active_users,purchase_user_count,redeem_user_count,purchase_times,redeem_times,purchase_redeem_overlap_users,avg_purchase_per_user,avg_redeem_per_user
20130701,441,308,43,308,43,34,105481.64935064936,128488.88372093023
20130702,480,328,34,328,34,29,88528.62804878049,75133.76470588235
20130703,499,372,32,372,32,29,73308.52150537634,186058.34375
20130704,523,399,48,399,48,46,45917.75689223058,133556.85416666666
20130705,544,417,39,417,39,35,27934.649880095923,70861.20512820513
20130706,553,423,30,423,30,28,86882.43971631206,53887.833333333336
20130707,566,422,43,422,43,39,21237.516587677725,92621.74418604652
20130708,580,421,54,421,54,48,136005.38242280285,154587.57407407407
20130709,614,456,56,456,56,50,58769.60745614035,62018.91071428572
20130710,619,489,50,489,50,44,62774.0408997955,51943.38
20130711,658,515,54,515,54,49,85582.9067961165,64977.77777777778
20130712,677,518,64,518,64,59,65992.09266409266,132696.453125
20130713,694,538,46,538,46,44,28187.206319702604,75713.67391304347
20130714,697,529,47,529,47,43,42751.045368620034,59236.31914893617
20130715,714,532,74,532,74,67,90467.20864661653,177134.36486486485
20130716,739,552,59,552,59,58,91708.05615942029,201101.37288135593
20130717,765,589,62,589,62,55,49262.617996604415,175992.14516129033
20130718,772,603,65,603,65,63,40189.892205638476,181005.47692307693
20130719,788,624,81,624,81,73,53974.557692307695,114132.95061728395
20130720,810,633,62,633,62,60,32289.224328594,74211.98387096774
20130721,817,625,63,625,63,58,33827.8304,42560.80952380953
20130722,840,638,73,638,73,67,63399.52351097178,262250.23287671234
20130723,869,645,72,645,72,66,90133.56124031008,338945.15277777775
20130724,885,689,88,689,88,82,70279.41654571843,412029.45454545453
20130725,906,703,98,703,98,87,81697.60739687056,389926.89795918367
20130726,925,708,80,708,80,75,63166.4081920904,489904.6125
20130727,918,707,76,707,76,68,24320.298444130127,198143.32894736843
20130728,936,716,72,716,72,61,50636.00837988827,106711.26388888889
20130729,952,716,80,716,80,75,74737.53631284916,232492.05
20130730,970,726,79,726,79,72,65401.16115702479,165171.92405063292
20130731,977,764,92,764,92,88,71426.22643979058,103630.86956521739
20130801,990,766,86,766,86,83,69673.57963446475,219354.27906976745
20130802,1011,782,103,782,103,99,48675.877237851666,389813.2912621359
20130803,1011,778,78,778,78,75,27758.083547557842,265407.6538461539
20130804,1027,774,77,774,77,70,59102.395348837206,107324.22077922078
20130805,1045,777,98,777,98,91,56154.70141570141,161199.05102040817
20130806,1061,791,102,791,102,89,64306.174462705436,160797.91176470587
20130807,1084,831,102,831,102,92,52837.64259927798,291261.82352941175
20130808,1095,831,96,831,96,85,53542.10589651023,307830.1145833333
20130809,1102,839,102,839,102,96,39839.31585220501,295402.10784313723
20130810,1104,836,65,836,65,59,24659.458133971293,409452.43076923076
20130811,1117,844,83,844,83,75,65781.4490521327,185213.01204819276
20130812,1135,848,84,848,84,79,111462.85613207547,340317.4880952381
20130813,1158,866,95,866,95,87,56259.72170900693,303056.0842105263
20130814,1167,892,107,892,107,94,34238.976457399105,140483.01869158878
20130815,1174,900,102,900,102,99,47134.69111111111,516267.9117647059
20130816,1180,914,105,914,105,96,45605.619256017504,321331.8476190476
20130817,1183,919,78,919,78,70,19227.985854189337,59935.679487179485
20130818,1203,919,89,919,89,83,64965.27965179543,170992.1348314607
20130819,1202,911,100,911,100,96,119850.94291986828,283392.6
20130820,1226,923,106,923,106,99,58153.3141928494,284256.8396226415
20130821,1224,950,94,950,94,87,40194.15368421053,318971.72340425535
20130822,1251,976,105,976,105,102,91322.47643442624,238101.6380952381
20130823,1266,971,121,971,121,117,39009.86096807415,212234.0743801653
20130824,1261,974,96,974,96,91,45551.60985626283,149131.22916666666
20130825,1276,975,84,975,84,80,44416.70564102564,215688.19047619047
20130826,1294,976,125,976,125,115,76328.4231557377,165103.888
20130827,1310,991,113,991,113,102,45679.14026236125,532191.4424778761
20130828,1321,1020,123,1020,123,118,45688.54803921569,273958.2195121951
20130829,1338,1039,111,1039,111,107,45735.000962463906,323828.54054054053
20130830,1347,1052,116,1052,116,107,53696.619771863116,177851.3103448276
20130831,1366,1050,101,1050,101,95,45386.002857142856,217940.75247524751
20130901,1381,1053,127,1053,127,120,53409.11870845204,467243.6929133858
20130902,1410,1062,131,1062,131,120,132622.1647834275,135767.35877862596
20130903,1412,1065,108,1065,108,101,75594.25352112677,364149.48148148146
20130904,1419,1101,131,1101,131,124,30305.820163487737,209561.8320610687
20130905,1429,1108,122,1108,122,120,34942.6940433213,178695.9344262295
20130906,1440,1120,104,1120,104,95,34752.84464285714,321325.9903846154
20130907,1445,1121,107,1121,107,100,30398.022301516503,190134.80373831774
20130908,1456,1112,105,1112,105,96,34889.30665467626,142086.87619047618
20130909,1478,1128,160,1128,160,155,43716.73138297872,285132.4125
20130910,1484,1134,137,1134,137,129,83495.71693121693,271009.9489051095
20130911,1505,1156,143,1156,143,137,85592.09256055363,501217.3566433566
20130912,1513,1155,144,1155,144,136,59371.15497835498,313522.3611111111
20130913,1514,1180,140,1180,140,135,60725.377966101696,432233.39285714284
20130914,1516,1166,107,1166,107,101,26565.560034305316,339370.6542056075
20130915,1534,1167,129,1167,129,127,31756.369323050556,193959.03100775194
20130916,1559,1170,128,1170,128,116,138167.70085470084,353004.6015625
20130917,1569,1158,129,1158,129,117,65807.26683937824,451634.0930232558
20130918,1569,1204,143,1204,143,140,35653.32890365449,330092.45454545453
20130919,1567,1190,108,1190,108,97,20821.889075630254,105726.96296296296
20130920,1584,1206,102,1206,102,97,23520.532338308458,148904.45098039217
20130921,1587,1206,123,1206,123,119,26870.928689883913,216229.0975609756
20130922,1592,1209,163,1209,163,153,55842.98511166253,294245.736196319
20130923,1616,1210,154,1210,154,142,45172.03305785124,378479.7337662338
20130924,1637,1207,150,1207,150,139,61516.86743993372,377871.94666666666
20130925,1639,1228,159,1228,159,147,38496.87947882736,470680.2641509434
20130926,1646,1243,167,1243,167,156,55284.54786806114,290224.7245508982
20130927,1660,1229,138,1229,138,129,34309.29292107404,200286.97826086957
20130928,1668,1243,148,1243,148,138,32176.828640386164,392606.2162162162
20130929,1680,1243,148,1243,148,141,27702.21078037007,272264.8783783784
20130930,1685,1227,141,1227,141,128,23144.29502852486,214052.1489361702
20131001,1696,1230,115,1230,115,105,15558.942276422764,111419.71304347826
20131002,1698,1249,107,1249,107,100,9257.572457966373,67606.29906542056
20131003,1704,1259,98,1259,98,93,8023.188244638602,63502.683673469386
20131004,1715,1268,99,1268,99,91,15700.070189274447,236488.38383838383
20131005,1718,1266,97,1266,97,87,20825.186413902054,143984.05154639174
20131006,1744,1276,111,1276,111,100,30353.1763322884,121302.05405405405
20131007,1744,1273,124,1273,124,117,33619.58601728201,233019.35483870967
20131008,1765,1291,167,1291,167,154,85055.70255615802,466204.1676646707
20131009,1780,1315,161,1315,161,146,55073.99163498099,211176.24844720497
20131010,1795,1337,164,1337,164,156,53922.67240089753,318564.21341463417
20131011,1823,1342,143,1342,143,134,61605.63114754098,193471.83916083915
20131012,1846,1359,155,1359,155,140,60265.73657100809,202083.76129032258
20131013,1880,1358,132,1358,132,124,52393.21134020619,241291.47727272726
20131014,1910,1370,190,1370,190,176,95120.65693430656,213961.18421052632
20131015,1966,1397,177,1397,177,162,61348.821760916246,198300.5536723164
20131016,2002,1454,161,1454,161,155,69427.84800550206,318397.4037267081
20131017,2105,1513,166,1513,166,149,57635.96629213483,140209.421686747
20131018,2129,1535,165,1535,165,147,63942.31270358306,96596.09090909091
20131019,2170,1568,154,1568,154,143,33895.69068877551,173277.25324675324
20131020,2231,1560,161,1560,161,151,30619.667307692307,316051.8136645963
20131021,2270,1562,176,1562,176,162,67881.10755441741,260121.60795454544
20131022,2319,1592,177,1592,177,157,91464.50753768845,543347.6666666666
20131023,2333,1674,196,1674,196,184,63377.00836320191,376471.7448979592
20131024,2366,1719,203,1719,203,192,40448.417684700406,286620.30049261084
20131025,2366,1726,191,1726,191,182,40519.38180764774,273433.51832460734
20131026,2379,1723,173,1723,173,161,32357.809634358677,285301.79768786125
20131027,2396,1720,171,1720,171,159,39539.26918604651,272050.1169590643
20131028,2426,1717,197,1717,197,181,75709.59522422831,279641.9492385787
20131029,2470,1739,201,1739,201,190,58683.234042553195,214191.3830845771
20131030,2524,1822,215,1822,215,201,60188.39736553238,297249.77209302323
20131031,2558,1846,221,1846,221,206,49256.06771397617,251619.15384615384
20131101,2627,1871,239,1871,239,217,80654.7006948156,280054.8912133891
20131102,2656,1878,190,1878,190,174,33084.29179978701,140555.2947368421
20131103,2663,1890,193,1890,193,184,36353.37037037037,160081.6269430052
20131104,2734,1896,236,1896,236,218,158242.30116033755,554957.843220339
20131105,2950,2090,383,2090,383,364,86557.32727272727,215900.42819843342
20131106,3061,2177,379,2177,379,359,83360.08727606798,347514.036939314
20131107,3183,2295,419,2295,419,394,73186.6945533769,198822.08114558473
20131108,3280,2364,380,2364,380,348,98032.77115059222,244358.70263157896
20131109,3367,2439,343,2439,343,321,51852.0,133777.7580174927
20131110,3673,2610,493,2610,493,457,63146.92375478927,173009.41987829615
20131111,3556,2441,1312,2441,1312,1054,60625.33346988939,173113.52972560975
20131112,3484,2378,370,2378,370,340,62434.670731707316,354766.2810810811
20131113,3527,2439,318,2439,318,289,71568.25584255843,248809.55974842768
20131114,3528,2445,319,2445,319,292,68710.04417177914,164746.55172413794
20131115,3562,2508,313,2508,313,293,49549.72248803828,185975.25239616612
20131116,3604,2480,247,2480,247,228,47615.20362903226,117393.81376518219
20131117,3630,2474,261,2474,261,238,45184.568310428454,162291.7816091954
20131118,3685,2479,354,2479,354,322,78969.93828156515,386770.57062146894
20131119,3725,2495,342,2495,342,319,52651.47054108216,205579.634502924
20131120,3766,2585,324,2585,324,297,64279.69129593811,268367.9567901235
20131121,3773,2596,345,2596,345,326,85195.27657935285,216620.17971014493
20131122,3801,2615,352,2615,352,325,49150.54952198853,234994.09375
20131123,3885,2670,304,2670,304,290,33374.16404494382,160796.48355263157
20131124,3910,2639,299,2639,299,273,38800.678666161424,286140.2909698997
20131125,3964,2669,358,2669,358,332,55130.611464968155,195846.72346368714
20131126,4001,2655,372,2655,372,343,97189.34161958568,176889.73924731184
20131127,4033,2772,358,2772,358,343,48619.81529581529,240585.18994413406
20131128,4049,2778,322,2778,322,297,50309.72822174226,190849.66149068324
20131129,4092,2824,312,2824,312,292,43391.056657223795,397378.7371794872
20131130,4139,2844,314,2844,314,297,41091.945147679326,381083.7929936306
20131201,4186,2847,369,2847,369,337,48433.4358974359,256455.9159891599
20131202,4240,2838,388,2838,388,361,121674.86187455954,331095.58247422683
20131203,4266,2853,403,2853,403,366,94169.9460217315,252263.13895781638
20131204,4292,2947,390,2947,390,364,74467.72039362064,179439.30512820513
20131205,4334,3004,388,3004,388,373,63523.73069241012,304785.61597938143
20131206,4341,2973,360,2973,360,337,51193.12445341406,229515.475
20131207,4362,3028,328,3028,328,309,45866.1178996037,219256.24085365853
20131208,4391,3008,303,3008,303,281,41518.25232712766,251862.3498349835
20131209,4428,3019,413,3019,413,387,57851.21298443193,322894.18644067796
20131210,4473,3048,361,3048,361,341,58881.7624671916,407610.3628808864
20131211,4518,3132,395,3132,395,377,76601.84450830141,279277.4481012658
20131212,4563,3210,788,3210,788,735,43725.858878504674,116865.8312182741
20131213,4577,3163,370,3163,370,350,52062.18463484034,245346.52432432433
20131214,4599,3173,322,3173,322,305,40669.901040025215,162219.41304347827
20131215,4648,3187,381,3187,381,360,64600.68622529024,143719.54330708663
20131216,4675,3186,457,3186,457,433,61672.92247332078,341700.932166302
20131217,4717,3206,443,3206,443,411,60505.55115408609,263065.1083521445
20131218,4752,3285,407,3285,407,384,54860.21430745814,496857.17936117935
20131219,4783,3325,410,3325,410,383,70265.0697744361,400056.93658536585
20131220,4854,3364,439,3364,439,420,39794.11414982164,350065.9749430524
20131221,4890,3370,373,3370,373,347,33234.65252225519,222926.5254691689
20131222,4935,3343,354,3343,354,330,46228.901286269815,237283.18926553673
20131223,4979,3351,483,3351,483,448,59309.86780065652,286704.4409937888
20131224,5010,3392,474,3392,474,438,90037.24469339622,250227.66033755275
20131225,5045,3502,436,3502,436,418,108531.1673329526,396228.1651376147
20131226,5077,3572,474,3572,474,454,61670.607222844345,510237.47679324896
20131227,5117,3603,459,3603,459,438,58595.32805995004,356258.2745098039
20131228,5155,3622,400,3622,400,376,53232.46990612921,153458.05
20131229,5176,3609,373,3609,373,347,44741.85286783042,147801.57908847186
20131230,5238,3621,495,3621,495,475,79082.78873239437,363286.10909090907
20131231,5258,3623,498,3623,498,466,73378.94948937345,269543.2329317269
20140101,5293,3741,451,3741,451,429,88459.3865276664,171547.1286031042
20140102,5340,3789,505,3789,505,488,114794.59989443125,376545.44554455444
20140103,5374,3818,511,3818,511,485,89595.2867993714,249930.04892367907
20140104,5414,3822,435,3822,435,415,48688.09785452642,229584.07816091954
20140105,5483,3834,410,3834,410,386,53737.79525299948,382395.11219512194
20140106,5514,3820,517,3820,517,494,115836.13664921466,369279.74661508703
20140107,5560,3872,501,3872,501,481,152305.39669421487,275394.7964071856
20140108,5621,4003,578,4003,578,555,65956.8223832126,370034.73010380624
20140109,5646,4011,531,4011,531,509,69982.17078035402,264390.2768361582
20140110,5701,4069,506,4069,506,491,58441.29663307938,231737.45652173914
20140111,5764,4099,487,4099,487,469,59381.175408636256,146879.22381930184
20140112,5836,4080,461,4080,461,443,55944.93725490196,306954.03904555313
20140113,5945,4103,532,4103,532,502,108995.13770411894,336322.8796992481
20140114,6076,4156,554,4156,554,529,85877.5572666025,288408.64440433215
20140115,6136,4256,539,4256,539,514,91966.33411654136,329532.9257884972
20140116,6215,4330,563,4330,563,538,86592.8598152425,272055.8188277087
20140117,6241,4368,554,4368,554,535,79081.23923992674,229937.202166065
20140118,6268,4372,529,4372,529,496,53339.5901189387,270075.3156899811
20140119,6268,4351,526,4351,526,491,42537.81245690646,223629.94486692015
20140120,6353,4358,603,4358,603,577,77044.75149150987,734653.5389718076
20140121,6382,4373,605,4373,605,568,94409.9270523668,500537.4148760331
20140122,6406,4482,553,4482,553,535,111274.12003569835,529577.1934900542
20140123,6428,4517,510,4517,510,489,106586.25127296879,409851.62352941174
20140124,6467,4535,526,4535,526,504,135414.30959206173,657469.5836501902
20140125,6526,4549,415,4549,415,406,96912.42536821279,447047.84578313254
20140126,6600,4546,459,4546,459,439,116234.60624725033,722772.3725490196
20140127,6626,4532,445,4532,445,421,145013.1253309797,630664.8561797753
20140128,6683,4575,443,4575,443,425,184355.13486338797,560574.0767494356
20140129,6735,4725,420,4725,420,409,201582.9964021164,512296.82380952383
20140130,6749,4733,331,4733,331,318,48154.703359391504,318090.9516616314
20140131,6783,4775,242,4775,242,230,18287.785340314134,198894.1694214876
20140201,6780,4794,309,4794,309,298,13409.923237380059,199116.6990291262
20140202,6793,4764,256,4764,256,239,12156.331024349287,95295.78125
20140203,6831,4772,275,4772,275,264,17671.80385582565,167669.79636363636
20140204,6850,4795,290,4795,290,276,17446.01584984359,154921.83793103448
20140205,6883,4836,338,4836,338,323,43226.63151364764,282271.31360946747
20140206,6940,4888,425,4888,425,411,46616.25941080196,262671.3788235294
20140207,7075,4976,570,4976,570,547,116321.98975080386,479793.35614035086
20140208,7133,5005,530,5005,530,506,71579.51408591408,346098.5603773585
20140209,7188,4993,546,4993,546,520,68478.11616262767,481600.82234432234
20140210,7306,5027,642,5027,642,619,128797.52138452357,672513.101246106
20140211,7358,5034,594,5034,594,555,162654.58978943186,409188.8249158249
20140212,7443,5256,606,5256,606,587,145169.28652968036,585125.2788778878
20140213,7479,5321,618,5321,618,590,117778.38639353505,586987.0323624596
20140214,7604,5383,584,5383,584,565,91159.2855285157,450790.9229452055
20140215,7669,5419,485,5419,485,465,47129.208156486435,250440.60412371135
20140216,7721,5435,561,5435,561,530,60961.29310027599,326305.2121212121
20140217,7826,5448,651,5448,651,619,129610.51027900146,623362.9293394777
20140218,7889,5467,669,5467,669,634,108572.00384122919,405269.54260089685
20140219,7900,5671,629,5671,629,599,72009.86880620701,515088.1573926868
20140220,8005,5775,651,5775,651,627,82930.769004329,354616.6052227343
20140221,8065,5801,667,5801,667,649,61020.80451646268,268237.5532233883
20140222,8079,5888,603,5888,603,582,47897.878057065216,223441.3233830846
20140223,8158,5882,618,5882,618,591,57302.56902414145,315880.3430420712
20140224,8280,5904,820,5904,820,790,111164.81114498645,577402.6292682927
20140225,8344,5933,789,5933,789,747,94978.23849654476,379157.6070975919
20140226,8402,6137,776,6137,776,750,110933.86752484928,367035.67268041236
20140227,8440,6192,790,6192,790,759,108673.98062015504,623779.7924050633
20140228,8454,6230,833,6230,833,806,68815.69085072231,386590.881152461
20140301,8491,6286,898,6286,898,861,57725.991091314034,235277.29510022272
20140302,8532,6233,761,6233,761,730,44312.887854965506,323520.9159001314
20140303,8595,6228,853,6228,853,811,81134.53147077713,601427.1512309496
20140304,8638,6261,842,6261,842,809,83716.07410956715,297580.73396674584
20140305,8682,6393,798,6393,798,760,71061.39386829345,261995.93107769423
20140306,8748,6440,793,6440,793,760,87234.12577639752,306620.2824716267
20140307,8789,6463,806,6463,806,775,58817.85223580381,361150.39702233253
20140308,8823,6510,926,6510,926,889,37369.30399385561,151536.93520518357
20140309,8858,6460,758,6460,758,730,37887.38684210526,272180.08311345644
20140310,8887,6456,808,6456,808,773,77035.01796778191,381238.396039604
20140311,8940,6471,788,6471,788,756,66527.7107093185,629492.2411167512
20140312,8990,6630,753,6630,753,732,56863.93619909502,553109.2536520584
20140313,9019,6638,772,6638,772,745,52167.35613136487,410587.4896373057
20140314,9063,6698,725,6698,725,699,47162.94879068379,429759.40965517244
20140315,9092,6692,746,6692,746,708,42947.84847579199,325467.8927613941
20140316,9111,6667,697,6667,697,655,40406.08834558272,560379.5509325681
20140317,9167,6657,893,6657,893,855,50925.05362776025,493420.59574468085
20140318,9178,6668,883,6668,883,842,65308.80578884223,464598.7836919592
20140319,9245,6797,854,6797,854,822,52819.488597910844,502691.94028103043
20140320,9313,6816,840,6816,840,804,53552.15595657277,400090.9285714286
20140321,9341,6824,826,6824,826,798,41376.29220398593,314352.64648910414
20140322,9352,6838,738,6838,738,707,28034.53275811641,187045.27371273714
20140323,9394,6802,752,6802,752,724,24618.695824757426,247929.93484042553
20140324,9469,6796,897,6796,897,850,46083.03914067098,488099.508361204
20140325,9493,6809,859,6809,859,825,46166.10456748421,364040.18044237484
20140326,9512,6921,882,6921,882,836,39435.853778355726,510492.3276643991
20140327,9553,6944,871,6944,871,840,38339.72955069124,412252.17221584386
20140328,9579,6942,895,6942,895,856,32550.612935753386,453009.9955307263
20140329,9637,6956,790,6956,790,750,23037.806929269696,196210.19746835442
20140330,9674,6911,780,6911,780,745,29740.1148893069,339377.9628205128
20140331,9738,6933,1005,6933,1005,963,57534.24275205539,421743.9144278607
20140401,9798,6948,1008,6948,1008,956,65244.7589234312,275227.5376984127
20140402,9812,7043,963,7043,963,922,50453.94263808036,283086.25752855657
20140403,9873,7078,947,7078,947,908,51409.59593105397,281526.35374868003
20140404,9858,7070,893,7070,893,867,35628.839321074964,224179.88465845466
20140405,9864,7063,712,7063,712,679,28647.39374203596,229213.03651685393
20140406,9885,7037,694,7037,694,656,18399.496092084693,201119.13976945245
20140407,9922,7011,797,7011,797,756,28089.605334474396,222040.85445420328
20140408,9951,7074,993,7074,993,950,50151.27919140515,251777.57401812688
20140409,10001,7104,899,7104,899,866,53962.213541666664,321835.68186874304
20140410,10042,7137,871,7137,871,837,54163.85876418663,329408.56946039037
20140411,10074,7142,882,7142,882,844,33300.17950154019,314146.75056689343
20140412,10066,7142,728,7142,728,695,24872.87216465976,169361.7032967033
20140413,10138,7136,844,7136,844,797,29172.223234304933,212007.9644549763
20140414,10165,7107,896,7107,896,850,43598.32123258759,464271.1875
20140415,10181,7128,926,7128,926,885,60140.46450617284,308091.8747300216
20140416,10206,7189,889,7189,889,849,53950.179162609544,287867.98650168726
20140417,10215,7241,855,7241,855,821,49135.84408230907,310341.0432748538
20140418,10251,7254,837,7254,837,799,32988.748690377724,269955.6857825568
20140419,10263,7251,828,7251,828,790,37061.00758516067,176781.32850241545
20140420,10280,7204,835,7204,835,789,26549.07398667407,192883.57005988024
20140421,10318,7202,975,7202,975,934,41812.64468203277,303215.64717948716
20140422,10304,7184,871,7184,871,827,39706.11873608018,308622.43513203214
20140423,10330,7283,936,7283,936,900,43069.79362899904,297511.68376068375
20140424,10373,7271,940,7271,940,900,43784.74638976757,238868.88723404254
20140425,10409,7283,949,7283,949,909,30334.67417273102,240004.52265542676
20140426,10421,7305,819,7305,819,790,20756.388090349075,193068.32967032967
20140427,10446,7251,842,7251,842,798,20250.71728037512,227928.00118764845
20140428,10484,7231,999,7231,999,948,44936.69921172728,328052.7877877878
20140429,10457,7224,961,7224,961,913,45765.10299003322,320060.71696149843
20140430,10492,7331,957,7331,957,926,35478.28809166553,294499.4514106583
20140501,10513,7315,822,7315,822,778,26390.30840738209,174407.24452554746
20140502,10516,7307,805,7307,805,765,17152.902422334748,150586.4149068323
20140503,10526,7301,780,7301,780,743,25351.936447062046,255856.46538461538
20140504,10555,7309,956,7309,956,928,41467.71952387467,432240.6213389121
20140505,10612,7301,964,7301,964,909,50804.56773044788,320882.5529045643
20140506,10624,7276,973,7276,973,929,43705.70753161077,350574.19938335044
20140507,10656,7356,910,7356,910,870,56732.94154431756,263047.25164835167
20140508,10671,7363,918,7363,918,877,53353.0837973652,297589.86819172115
20140509,10715,7377,922,7377,922,892,38156.297817541,268702.7885032538
20140510,10705,7370,835,7370,835,792,38974.24301221167,176345.302994012
20140511,10753,7370,872,7370,872,814,24752.2473541384,175396.30848623853
20140512,10767,7332,924,7332,924,883,44341.05250954719,318130.85281385283
20140513,10788,7335,896,7335,896,844,37524.40259032038,287855.3292410714
20140514,10790,7436,884,7436,884,841,41080.489779451316,357721.0882352941
20140515,10824,7460,933,7460,933,891,42006.312198391424,255420.8392282958
20140516,10849,7450,930,7450,930,891,31136.566845637582,303327.86666666664
20140517,10868,7478,791,7478,791,764,22864.919497191764,184392.37926675094
20140518,10874,7407,784,7407,784,736,22197.872552990415,195714.3099489796
20140519,10914,7422,991,7422,991,943,34906.75424413905,296459.54187689204
20140520,10930,7459,1012,7459,1012,961,60860.07547928677,256957.23320158102
20140521,10971,7518,970,7518,970,934,39611.56185155627,257962.60412371135
20140522,10999,7508,941,7508,941,901,45902.57711774108,266852.80021253985
20140523,11029,7521,941,7521,941,903,33179.92221779019,243358.9659936238
20140524,11039,7519,841,7519,841,806,21289.16797446469,183602.69678953628
20140525,11053,7484,890,7484,890,845,22306.724478888296,259555.90786516853
20140526,11082,7444,1025,7444,1025,982,46331.39011284256,268007.3873170732
20140527,11084,7455,945,7455,945,899,40113.957746478874,340704.5978835979
20140528,11081,7545,1010,7545,1010,969,36598.38475811796,411773.94455445546
20140529,11093,7528,913,7528,913,876,42581.012619553665,343732.5301204819
20140530,11100,7543,964,7543,964,924,30034.164258252684,324483.58817427384
20140531,11110,7511,788,7511,788,737,19547.81906537079,181297.0342639594
20140601,11116,7475,845,7475,845,803,24547.127090301005,177312.72544378697
20140602,11141,7444,791,7444,791,746,21254.621440085975,215435.53223767382
20140603,11180,7503,1049,7503,1049,1012,36103.886711981875,367609.70638703526
20140604,11178,7523,962,7523,962,923,36482.885019274225,315986.3180873181
20140605,11221,7565,888,7565,888,858,50236.955320555186,400501.62725225225
20140606,11234,7546,978,7546,978,936,39943.53299761463,281045.05828220857
20140607,11237,7524,819,7524,819,774,24960.39274322169,178514.74603174604
20140608,11241,7495,807,7495,807,760,40316.38012008005,210068.56505576207
20140609,11292,7530,961,7530,961,920,48620.766799468794,299188.50364203955
20140610,11299,7500,921,7500,921,870,47204.212933333336,323767.671009772
20140611,11333,7582,914,7582,914,874,43215.70205750462,269286.1487964989
20140612,11349,7584,911,7584,911,871,43824.52333860759,259569.57738748626
20140613,11379,7613,953,7613,953,910,28493.861815315908,405875.17313746066
20140614,11390,7633,842,7633,842,810,23788.095113323725,273059.60926365794
20140615,11407,7591,863,7591,863,808,21878.556975365565,135137.60834298958
20140616,11433,7584,1060,7584,1060,998,51069.15664556962,464480.65
20140617,11451,7577,1100,7577,1100,1026,35680.43988385905,456872.93
20140618,11487,7681,1104,7681,1104,1043,43648.3151933342,382174.1213768116
20140619,11497,7638,1077,7638,1077,1013,44332.16640481802,264583.3426183844
20140620,11502,7673,1096,7673,1096,1038,32788.026847386944,261480.89872262772
20140621,11528,7636,916,7636,916,880,23310.52723939235,252187.52729257641
20140622,11541,7624,909,7624,909,861,19304.9342864638,397453.9625962596
20140623,11562,7589,1065,7589,1065,1011,30600.56265647648,350966.78309859155
20140624,11577,7606,1032,7606,1032,984,32270.676571128057,415185.57073643414
20140625,11594,7663,1099,7663,1099,1053,34537.80516768889,497994.4777070064
20140626,11622,7646,1151,7646,1151,1096,38925.97946638765,363807.21894005215
20140627,11616,7665,1042,7665,1042,993,34479.15238095238,383343.9078694818
20140628,11630,7629,954,7629,954,903,20163.345261502163,297065.2368972746
20140629,11627,7586,973,7586,973,923,20933.50118639599,268418.08735868445
20140630,11682,7596,1190,7596,1190,1138,43977.6345444971,383653.60840336134
20140701,11718,7606,1217,7606,1217,1152,50542.82842492769,307448.26705012325
20140702,11716,7640,1106,7640,1106,1048,50334.53128272251,297424.0063291139
20140703,11734,7629,1030,7629,1030,983,39047.665880194,280592.01941747573
20140704,11718,7615,1056,7615,1056,1000,27793.806697307944,250468.32386363635
20140705,11736,7612,1003,7612,1003,953,22252.206516027327,271719.9780658026
20140706,11734,7576,924,7576,924,872,26342.268347412883,211613.37445887446
20140707,11770,7576,1040,7576,1040,986,35926.98614044351,305396.7009615385
20140708,11771,7550,1008,7550,1008,958,29700.675894039734,337751.05456349207
20140709,11772,7616,1028,7616,1028,980,36502.830225840335,262298.52237354085
20140710,11782,7655,1073,7655,1073,1031,36981.831613324626,303829.6738117428
20140711,11804,7632,1017,7632,1017,978,27341.590801886792,236038.10029498526
20140712,11823,7618,880,7618,880,827,23319.02638487792,169410.78181818183
20140713,11871,7598,921,7598,921,851,23658.842458541723,216568.93593919653
20140714,11902,7610,992,7610,992,942,33481.93482260184,287049.6764112903
20140715,11901,7610,957,7610,957,904,43996.0593955322,273481.9038662487
20140716,11916,7677,937,7677,937,890,51438.07997915852,250561.310565635
20140717,11915,7647,955,7647,955,911,33086.3449718844,312334.43455497385
20140718,11924,7682,921,7682,921,884,27201.19695391825,226570.34419109664
20140719,11940,7652,790,7652,790,747,27485.36630946158,196790.2316455696
20140720,11961,7627,861,7627,861,818,23134.824177264978,202628.14866434378
20140721,11987,7641,954,7641,954,903,49481.55921999738,455127.3364779874
20140722,12020,7646,998,7646,998,943,31792.327099136804,369782.9889779559
20140723,12017,7720,978,7720,978,936,34386.255699481866,315289.4447852761
20140724,12030,7706,966,7706,966,915,35951.788216973786,359857.58902691514
20140725,12009,7729,949,7729,949,910,23501.24052270669,277001.8872497366
20140726,12028,7704,840,7704,840,796,16649.539589823467,336492.0726190476
20140727,12040,7681,893,7681,893,842,19711.788959770864,186574.078387458
20140728,12083,7683,1035,7683,1035,986,48387.70740596121,334286.8685990338
20140729,12073,7673,978,7673,978,931,29726.71002215561,310306.8537832311
20140730,12089,7731,986,7731,986,940,27152.667442762904,253669.08316430022
20140731,12101,7736,979,7736,979,923,24783.986039296793,283140.32584269665
20140801,12111,7736,1050,7736,1050,1011,48459.76408996898,240515.10285714286
20140802,12103,7704,874,7704,874,830,24544.669003115265,197082.63729977116
20140803,12136,7669,891,7669,891,847,22665.97952796975,142677.01122334457
20140804,12157,7682,1051,7682,1051,1001,43040.98984639417,307238.3672692674
20140805,12174,7666,1008,7666,1008,956,51497.63501174015,219946.9632936508
20140806,12189,7756,985,7756,985,940,37238.39814337287,286646.2883248731
20140807,12204,7726,881,7726,881,840,32053.64664768315,287922.2633371169
20140808,12195,7777,910,7777,910,873,30076.342677124856,342471.1615384615
20140809,12225,7742,787,7742,787,746,20700.434513045726,207892.89453621345
20140810,12227,7711,845,7711,845,814,33657.744780184155,224744.6449704142
20140811,12266,7713,989,7713,989,945,42985.92908077272,423259.187057634
20140812,12307,7721,942,7721,942,892,33479.29970211112,328826.81316348194
20140813,12314,7773,910,7773,910,864,33642.94596680818,334039.02967032965
20140814,12301,7791,933,7791,933,891,33076.96829675266,227159.09003215434
20140815,12316,7814,948,7814,948,907,31296.598413104683,249489.4588607595
20140816,12346,7807,831,7807,831,778,27547.03932368387,263795.8351383875
20140817,12370,7780,880,7780,880,827,19277.412724935733,158595.55
20140818,12401,7770,1017,7770,1017,962,38416.87850707851,254836.79056047197
20140819,12411,7800,985,7800,985,934,34154.099102564105,258812.05786802032
20140820,12436,7887,957,7887,957,917,39099.61861290732,211549.4064785789
20140821,12436,7904,991,7904,991,943,31852.67168522267,221961.00504540867
20140822,12446,7892,977,7892,977,947,31210.853522554484,183571.3469805527
20140823,12459,7887,832,7887,832,792,17929.76125269431,239636.45552884616
20140824,12471,7864,850,7864,850,807,16555.88555442523,224800.17764705882
20140825,12508,7879,1057,7879,1057,1000,39291.05508313238,295566.14096499525
20140826,12517,7893,1001,7893,1001,954,38888.26669200558,285193.36963036965
20140827,12527,7940,1086,7940,1086,1048,38059.79861460957,431090.37476979743
20140828,12557,7955,1026,7955,1026,978,30808.642489000627,290344.89376218326
20140829,12596,7976,1036,7976,1036,980,33544.974047141426,264243.61003861006
20140830,12603,7969,902,7969,902,855,25060.706738612123,217709.68292682926
20140831,12614,7935,1031,7935,1031,984,34667.95374921235,284134.8525703201
